<?xml version='1.0' encoding='UTF-8' ?>
<timeLogEntries>
  <time id="1" path="/Proyecto/Dia1/PSP0.1/Planning" start="@1637308646896" delta="15" />
  <time id="2" path="/Proyecto/Dia1/PSP0.1/Planning" start="@1637309590077" delta="1" />
  <time id="3" path="/Proyecto/Dia1/PSP0.1/Design" start="@1637309593683" delta="15" />
  <time id="4" path="/Proyecto/Dia1/PSP0.1/Design" start="@1637310532127" delta="1" />
  <time id="5" path="/Proyecto/Dia1/PSP0.1/Code" start="@1637310534220" delta="38" />
  <time id="6" path="/Proyecto/Dia1/PSP0.1/Compile" start="@1637312829162" delta="6" />
  <time id="7" path="/Proyecto/Dia1/PSP0.1/Test" start="@1637313211105" delta="5" />
  <time id="8" path="/Proyecto/Dia1/PSP0.1/Postmortem" start="@1637313526642" delta="6" />
  <time id="9" path="/Proyecto/PracticaPSM/PSP0/Planning" start="@1638520175998" delta="11" />
  <time id="10" path="/Proyecto/PracticaPSM/PSP0/Design" start="@1638520939781" delta="38" />
</timeLogEntries>
